
INSERT INTO turma (nome_identificacao, curso, ano_inicio, ano_conclusao, serie)
VALUES
  ('1º A - Enfermagem', 'Enfermagem', 2024, 2026, 1),
  ('1º B - Informática', 'Informática', 2024, 2026, 1),
  ('1º C - Comércio', 'Comércio', 2024, 2026, 1),
  ('1º D - Administração', 'Administração', 2024, 2026, 1),
  ('2º A - Enfermagem', 'Enfermagem', 2023, 2025, 2),
  ('2º B - Informática', 'Informática', 2023, 2025, 2),
  ('2º C - Comércio', 'Comércio', 2023, 2025, 2),
  ('2º D - Administração', 'Administração', 2023, 2025, 2),
  ('3º A - Enfermagem', 'Enfermagem', 2022, 2024, 3),
  ('3º B - Informática', 'Informática', 2022, 2024, 3),
  ('3º C - Comércio', 'Comércio', 2022, 2024, 3),
  ('3º D - Administração', 'Administração', 2022, 2024, 3);
-- -------------------------------------------------------------------------------------------------------------------
-- 1A 
INSERT INTO aluno (numero, matricula, cpf, nome_completo, sala_identificacao, curso, serie)
VALUES
  (1, 3528107, '120.459.613-11', 'Alana Kelly Ferreira de Araújo', '1º A - Enfermagem', 'Enfermagem', '1'),
  (2, 1623693, '610.418.783-89', 'Ana Clara Rodrigues de Paula', '1º A - Enfermagem', 'Enfermagem', '1'),
  (3, 3405847, '097.202.263-58', 'Ana Lara Araújo Almeida', '1º A - Enfermagem', 'Enfermagem', '1'),
  (4, 2713276, '086.609.863-18', 'Ana Luiza Ferreira Portela', '1º A - Enfermagem', 'Enfermagem', '1'),
  (5, 4224639, '071.213.353-44', 'Ana Luisa Soares Nepomuceno', '1º A - Enfermagem', 'Enfermagem', '1'),
  (6, 3540264, '091.382.303-13', 'Ana Renara Lopes Alves', '1º A - Enfermagem', 'Enfermagem', '1'),
  (7, 3992122, '194.628.287-17', 'Antonia Ranna Lima Alves', '1º A - Enfermagem', 'Enfermagem', '1'),
  (8, 2902656, '083.399.593-60', 'Carlos Eduardo Miranda Sousa', '1º A - Enfermagem', 'Enfermagem', '1'),
  (9, 2882527, '088.681.193-74', 'Cassia Rafaelly Barbosa dos Santos', '1º A - Enfermagem', 'Enfermagem', '1'),
  (10, 3392784, '095.456.223-26', 'Deyce Kelly de Mesquita Franco', '1º A - Enfermagem', 'Enfermagem', '1'),
  (11, 2253892, '088.043.223-30', 'Elliver Kelly Martins Rodrigues de Sousa', '1º A - Enfermagem', 'Enfermagem', '1'),
  (12, 2902823, '082.910.543-39', 'Eloá Cristina Maciel Evangelista', '1º A - Enfermagem', 'Enfermagem', '1'),
  (13, 2219976, '621.930.273-74', 'Emanuele Raiz Werneck Silva', '1º A - Enfermagem', 'Enfermagem', '1'),
  (14, 2883067, '086.015.353-30', 'Emanuelly Ribeiro do Nascimento', '1º A - Enfermagem', 'Enfermagem', '1'),
  (15, 2886004, '086.774.603-30', 'Francisca Elayne Paulino Ferreira', '1º A - Enfermagem', 'Enfermagem', '1'),
  (16, 2349882, '092.870.963-92', 'Francisco Levi Félix de Miranda', '1º A - Enfermagem', 'Enfermagem', '1'),
  (17, 2902845, '084.108.933-71', 'Francisca Nicolly Hillary Oliveira Martins', '1º A - Enfermagem', 'Enfermagem', '1'),
  (18, 3540335, '093.522.473-45', 'Francisco Emanuel Gomes de Sousa', '1º A - Enfermagem', 'Enfermagem', '1'),
  (19, 2386613, '086.231.033-43', 'Giovana Marinho Peres', '1º A - Enfermagem', 'Enfermagem', '1'),
  (20, 4676581, '091.055.783-70', 'Guilherme Levi Teixeira Fernandes', '1º A - Enfermagem', 'Enfermagem', '1'),
  (21, 5258241, '098.605.563-85', 'Guilherme Pietro Albuquerque Mourão', '1º A - Enfermagem', 'Enfermagem', '1'),
  (22, 4530092, '090.637.393-03', 'Ikaro Cosmo Abel Gomes', '1º A - Enfermagem', 'Enfermagem', '1'),
  (23, 5266282, '624.715.493-30', 'Isabelle Vitória Araújo Furtado', '1º A - Enfermagem', 'Enfermagem', '1'),
  (24, 2317590, '092.468.733-94', 'Isabelle Vitória Lins Torres', '1º A - Enfermagem', 'Enfermagem', '1'),
  (25, 4665774, '084.011.463-05', 'Izabely Soares Braz', '1º A - Enfermagem', 'Enfermagem', '1'),
  (26, 4531474, '086.306.303-96', 'Jéssica do Nascimento Chaves', '1º A - Enfermagem', 'Enfermagem', '1'),
  (27, 2854552, '086.882.123-33', 'João Lucio Gomes Bonfim', '1º A - Enfermagem', 'Enfermagem', '1'),
  (28, 2188184, '104.050.953-33', 'Kauana Kevilyn Melo da Silva', '1º A - Enfermagem', 'Enfermagem', '1'),
  (29, 5258514, '081.132.993-35', 'Lara Torres Holanda', '1º A - Enfermagem', 'Enfermagem', '1'),
  (30, 2829402, '080.130.303-69', 'Leticia Vieira Marinho', '1º A - Enfermagem', 'Enfermagem', '1'),
  (31, 5258536, '070.480.883-89', 'Lucas Arquimedes Sobreira Marques', '1º A - Enfermagem', 'Enfermagem', '1'),
  (32, 3390514, '090.348.523-00', 'Maria Laura Claudino Martins', '1º A - Enfermagem', 'Enfermagem', '1'),
  (33, 3359958, '084.673.943-74', 'Maria Rita Macedo Barbosa Vieira', '1º A - Enfermagem', 'Enfermagem', '1'),
  (34, 2376136, '118.944.183-79', 'Marilia Gabriela Freire Rocha', '1º A - Enfermagem', 'Enfermagem', '1'),
  (35, 3813622, '069.260.323-94', 'Mavyla Bezerra Lima', '1º A - Enfermagem', 'Enfermagem', '1'),
  (36, 3815465, '086.568.703-00', 'Pedro Cauã Freitas Silva', '1º A - Enfermagem', 'Enfermagem', '1'),
  (37, 5258721, '077.303.563-09', 'Pedro Victor Lopes de Souza', '1º A - Enfermagem', 'Enfermagem', '1'),
  (38, 1887052, '113.999.913-37', 'Rita de Cássia da Silva Mineiro', '1º A - Enfermagem', 'Enfermagem', '1'),
  (39, 5258770, '066.633.833-70', 'Ruany Dhalita Siqueira Ferreira de Macedo', '1º A - Enfermagem', 'Enfermagem', '1'),
  (40, 2254478, '086.406.423-38', 'Samila Cecília Coelho Marques', '1º A - Enfermagem', 'Enfermagem', '1'),
  (41, 5258803, '096.551.283-50', 'Sofya Miranda Rodrigues', '1º A - Enfermagem', 'Enfermagem', '1'),
  (42, 5258823, '064.238.363-45', 'Thavyne Camerino Soares de Oliveira', '1º A - Enfermagem', 'Enfermagem', '1'),
  (43, 1582516, '112.805.003-01', 'Tiago dos Santos Silva', '1º A - Enfermagem', 'Enfermagem', '1'),
  (44, 2974839, '621.742.433-93', 'Victória Manuella Alves Sales', '1º A - Enfermagem', 'Enfermagem', '1'),
  (45, 2349965, '092.751.803-18', 'Welinton Chagas Evangelista Júnior', '1º A - Enfermagem', 'Enfermagem', '1');
-- --------------------------------------------------------------------------------------------------------------------
-- 1B
INSERT INTO aluno (numero, matricula, cpf, nome_completo, sala_identificacao, curso, serie)
VALUES
  (1, 2821913, '086.404.843-25', 'Adrielson Ferreira Castro', '1º B - Informática', 'Informática', '1'),
  (2, 2863952, '051.886.303-46', 'Ana Lara Leopoldino de Sousa', '1º B - Informática', 'Informática', '1'),
  (3, 2571214, '111.566.423-96', 'Ana Sabrina Melo do Nascimento', '1º B - Informática', 'Informática', '1'),
  (4, 2883001, '079.641.213-83', 'Antônia Chaiane Martins Soares', '1º B - Informática', 'Informática', '1'),
  (5, 4190365, '055.107.993-23', 'Antônia Ellen Soares Lima', '1º B - Informática', 'Informática', '1'),
  (6, 2579938, '080.406.743-01', 'Antônia Letícia da Silva Martins', '1º B - Informática', 'Informática', '1'),
  (7, 2878115, '073.225.713-12', 'Antônio Marlyson Soares de Oliveira', '1º B - Informática', 'Informática', '1'),
  (8, 3414352, '096.240.793-31', 'Bianca Araújo de Sousa Lima', '1º B - Informática', 'Informática', '1'),
  (9, 3830205, '421.305.548-57', 'Bianca Gracindo Carvalho', '1º B - Informática', 'Informática', '1'),
  (10, 5265887, '090.960.563-70', 'Carlos André Cordeiro Oliveira', '1º B - Informática', 'Informática', '1'),
  (11, 5265892, '085.299.793-03', 'Christian Adriel Pinto Bernaldino', '1º B - Informática', 'Informática', '1'),
  (12, 3512824, '037.561.702-76', 'Davyd Adonnay Costa da Silva', '1º B - Informática', 'Informática', '1'),
  (13, 2219726, '067.446.913-50', 'Dafny Rayla Gomes de Lima', '1º B - Informática', 'Informática', '1'),
  (14, 2874264, '086.396.493-16', 'Dário Jenilson Paiva Alves', '1º B - Informática', 'Informática', '1'),
  (15, 5257428, '630.559.953-09', 'Deivid Jonatas Bertoldo Pereira', '1º B - Informática', 'Informática', '1'),
  (16, 3845809, '422.465.268-41', 'Dennys Rafael Pereira Menezes', '1º B - Informática', 'Informática', '1'),
  (17, 2869851, '091.316.483-63', 'Deyse Gabrielly Sousa Aurelio', '1º B - Informática', 'Informática', '1'),
  (18, 5257475, '058.930.453-43', 'Eduardo Soares de Albuquerque', '1º B - Informática', 'Informática', '1'),
  (19, 2834250, '096.129.643-78', 'Êmilly Rodrigues Silva', '1º B - Informática', 'Informática', '1'),
  (20, 3833860, '089.012.233-41', 'Fabricio Eduardo da Silva', '1º B - Informática', 'Informática', '1'),
  (21, 5147816, '090.653.723-18', 'Felipe Araújo Barbosa', '1º B - Informática', 'Informática', '1'),
  (22, 3622905, '621.955.403-54', 'Francisco das Chagas Barbosa Alves', '1º B - Informática', 'Informática', '1'),
  (23, 3414285, '119.944.343-33', 'Francisco Erivanderson Oliveira do Nascimento', '1º B - Informática', 'Informática', '1'),
  (24, 3184388, '085.864.583-17', 'Francisco Leonardo Silva de Araújo', '1º B - Informática', 'Informática', '1'),
  (25, 4250735, '108.333.223-62', 'Guilherme Gomes Oliveira', '1º B - Informática', 'Informática', '1'),
  (26, 3975990, '075.238.283-70', 'Heitor de Oliveira Almeida', '1º B - Informática', 'Informática', '1'),
  (27, 4530079, '085.056.853-69', 'Iago Damião Abel Gomes', '1º B - Informática', 'Informática', '1'),
  (28, 4522770, '095.702.723-09', 'Iara Isabel Batista Venâncio', '1º B - Informática', 'Informática', '1'),
  (29, 3769907, '096.312.943-07', 'Jamyle Vieira Menezes', '1º B - Informática', 'Informática', '1'),
  (30, 3769903, '096.312.633-47', 'Janniny Vieira Menezes', '1º B - Informática', 'Informática', '1'),
  (31, 4856732, '066.982.693-60', 'Jimmy Gomes de Oliveira', '1º B - Informática', 'Informática', '1'),
  (32, 5257498, '056.760.473-05', 'João Antônio Alves Soares', '1º B - Informática', 'Informática', '1'),
  (33, 2232705, '100.537.893-26', 'Kaliane Portela Gomes', '1º B - Informática', 'Informática', '1'),
  (34, 5257544, '057.307.543-37', 'Levi Silva Sousa', '1º B - Informática', 'Informática', '1'),
  (35, 2878105, '085.799.633-97', 'Luiz Felipe Linhares de Oliveira', '1º B - Informática', 'Informática', '1'),
  (36, 2875871, '084.963.653-10', 'Marcos Fellype Soares Araújo', '1º B - Informática', 'Informática', '1'),
  (37, 3384993, '116.424.653-48', 'Maria Isabel Alves da Silva', '1º B - Informática', 'Informática', '1'),
  (38, 2458638, '087.016.943-24', 'Miguel Ângelo Amorim Silva Alves', '1º B - Informática', 'Informática', '1'),
  (39, 5265907, '119.150.673-83', 'Murilo Rodrigues Araújo', '1º B - Informática', 'Informática', '1'),
  (40, 2853343, '090.776.333-24', 'Nayra Amanda de Sousa Soares', '1º B - Informática', 'Informática', '1'),
  (41, 5257923, '065.255.223-40', 'Othon Almeida Bindá', '1º B - Informática', 'Informática', '1'),
  (42, 5257977, '105.229.423-50', 'Tereza Daniele Duarte', '1º B - Informática', 'Informática', '1'),
  (43, 5258015, '080.531.683-37', 'Thais Marinho Gomes', '1º B - Informática', 'Informática', '1'),
  (44, 2908467, '109.894.443-76', 'Ticiane Gomes Lima', '1º B - Informática', 'Informática', '1'),
  (45, 5242170, '603.633.373-00', 'Victor Emanuel Soares Cavalcante Lima', '1º B - Informática', 'Informática', '1');
-- --------------------------------------------------------------------------------------------------------------------
-- 1C
INSERT INTO aluno (numero, matricula, cpf, nome_completo, sala_identificacao, curso, serie)
VALUES
  (1, 2972593, '086.305.673-33', 'Alana Alves Soares', '1º C - Comércio', 'Comércio', '1'),
  (2, 3516823, '086.348.953-27', 'Antonia Anna Clara da Silva Sousa', '1º C - Comércio', 'Comércio', '1'),
  (3, 3414279, '110.510.323-42', 'Antonia Ingrid Cibelly Ribeiro da Silva', '1º C - Comércio', 'Comércio', '1'),
  (4, 2456806, '086.716.573-10', 'Antonio Arthur Ferreira Alexandre', '1º C - Comércio', 'Comércio', '1'),
  (5, 2839746, '085.976.563-60', 'Antonio Iarlisson Rodrigues Cardoso', '1º C - Comércio', 'Comércio', '1'),
  (6, 3414280, '120.822.223-65', 'Antonio Pablo Cardoso do Nascimento', '1º C - Comércio', 'Comércio', '1'),
  (7, 3215463, '092.305.663-73', 'Carlos Rian Pereira Soares', '1º C - Comércio', 'Comércio', '1'),
  (8, 2856480, '096.880.663-54', 'Cauã Gomes da Silva', '1º C - Comércio', 'Comércio', '1'),
  (9, 3412246, '097.213.573-16', 'Debora Ribeiro Melo', '1º C - Comércio', 'Comércio', '1'),
  (10, 2923438, '086.720.273-45', 'Eduardo Sales Nunes', '1º C - Comércio', 'Comércio', '1'),
  (11, 3541802, '073.426.053-95', 'Fabiana Bezerra Sales', '1º C - Comércio', 'Comércio', '1'),
  (12, 2784492, '107.131.183-26', 'Francisca Glaunia Silva Gouveia', '1º C - Comércio', 'Comércio', '1'),
  (13, 3540734, '621.956.723-40', 'Gabriel Braz Sousa', '1º C - Comércio', 'Comércio', '1'),
  (14, 2971385, '088.353.803-24', 'Grazielle Soares de França', '1º C - Comércio', 'Comércio', '1'),
  (15, 5265952, '088.426.573-01', 'Heros Silva Soares', '1º C - Comércio', 'Comércio', '1'),
  (16, 2310490, '098.571.743-29', 'João Victor Ferreira Alves', '1º C - Comércio', 'Comércio', '1'),
  (17, 3607879, '085.911.943-22', 'João Victor Siqueira de Araújo', '1º C - Comércio', 'Comércio', '1'),
  (18, 2457845, '086.306.693-30', 'José Ruan Almeida de Melo', '1º C - Comércio', 'Comércio', '1'),
  (19, 3215296, '093.465.783-19', 'Joyce Soares Ferreira', '1º C - Comércio', 'Comércio', '1'),
  (20, 3412304, '097.610.993-00', 'Joziel da Conceição Josué', '1º C - Comércio', 'Comércio', '1'),
  (21, 2845908, '928.985.993-87', 'Kalleb Saboia Cardoso', '1º C - Comércio', 'Comércio', '1'),
  (22, 3569097, '063.886.353-85', 'Karlos Eduardo Melo Torres', '1º C - Comércio', 'Comércio', '1'),
  (23, 1625120, '095.661.513-90', 'Kayo Pereira Paula', '1º C - Comércio', 'Comércio', '1'),
  (24, 2862102, '097.161.413-00', 'Klara Eduarda Figueiredo Cavalcante', '1º C - Comércio', 'Comércio', '1'),
  (25, 3819794, '064.350.523-79', 'Lara Stefane Rodrigues Pereira', '1º C - Comércio', 'Comércio', '1'),
  (26, 3000083, '093.656.863-18', 'Laiza Maria da Silva Lima', '1º C - Comércio', 'Comércio', '1'),
  (27, 2850555, '089.728.733-90', 'Laysla Lorrane Pereira Costa', '1º C - Comércio', 'Comércio', '1'),
  (28, 1624928, '057.112.613-80', 'Lusiane Sousa Matheus', '1º C - Comércio', 'Comércio', '1'),
  (29, 2972568, '086.010.333-18', 'Marcus Vinicius Ximenes Aragão', '1º C - Comércio', 'Comércio', '1'),
  (30, 5266005, '085.462.873-84', 'Maria Cecilia Aragão Sales', '1º C - Comércio', 'Comércio', '1'),
  (31, 3542090, '073.425.933-62', 'Maria Clara dos Santos Farias', '1º C - Comércio', 'Comércio', '1'),
  (32, 2840009, '093.414.313-79', 'Maria de Fátima Sampaio Carvalho', '1º C - Comércio', 'Comércio', '1'),
  (33, 3207401, '082.823.083-82', 'Maria Eduarda Vieira Feitosa', '1º C - Comércio', 'Comércio', '1'),
  (34, 2869809, '086.437.263-97', 'Maria Rafaela Costa da Silva', '1º C - Comércio', 'Comércio', '1'),
  (35, 3618112, '107.716.633-82', 'Maria Tamara Barros Lima', '1º C - Comércio', 'Comércio', '1'),
  (36, 3567270, '087.997.513-05', 'Maysa Maria Sousa Lopes', '1º C - Comércio', 'Comércio', '1'),
  (37, 4579559, '176.544.877-89', 'Michel Soares Carvalho', '1º C - Comércio', 'Comércio', '1'),
  (38, 2883308, '085.901.813-08', 'Mirelly Araújo Aragaão', '1º C - Comércio', 'Comércio', '1'),
  (39, 3215198, '089.788.643-76', 'Murilo Rodrigues Soares', '1º C - Comércio', 'Comércio', '1'),
  (40, 2853735, '119.915.173-43', 'Raysa Alves de Oliveira', '1º C - Comércio', 'Comércio', '1'),
  (41, 3623344, '116.632.563-65', 'Riverson Veras da Silva', '1º C - Comércio', 'Comércio', '1'),
  (42, 5266065, '095.794.583-32', 'Samuel Rodrigues Neres', '1º C - Comércio', 'Comércio', '1'),
  (43, 2853800, '076.445.963-56', 'Vitor Dias Pereira', '1º C - Comércio', 'Comércio', '1'),
  (44, 2712548, '061.198.903-43', 'Vitória Régia Meneses Silva', '1º C - Comércio', 'Comércio', '1'),
  (45, 4359467, '055.198.903-43', 'Wesley Rodrigues da Silva', '1º C - Comércio', 'Comércio', '1');
-- --------------------------------------------------------------------------------------------------------------------
-- 1D
INSERT INTO aluno (numero, matricula, cpf, nome_completo, sala_identificacao, curso, serie)
VALUES
  (1, 2848877, '088.410.613-67', 'Ana Cristina Carneiro Machado', '1º D - Administração', 'Administração', '1'),
  (2, 5256001, '090.177.623-81', 'Ana Hariaddnny D’Angelly Ramalho de Lima Sales', '1º D - Administração', 'Administração', '1'),
  (3, 4530015, '090.500.393-40', 'Ana Isabele Morais da Silva', '1º D - Administração', 'Administração', '1'),
  (4, 2863931, '088.100.473-11', 'Ana Klara da Maia Teles', '1º D - Administração', 'Administração', '1'),
  (5, 2882552, '611.218.683-71', 'Ana Vitória de Carvalho Mota', '1º D - Administração', 'Administração', '1'),
  (6, 2852617, '086.414.223-40', 'Antonio Ricker Vieira Pinho', '1º D - Administração', 'Administração', '1'),
  (7, 5256068, '070.683.803-36', 'Arthur Sousa Cavalcante', '1º D - Administração', 'Administração', '1'),
  (8, 5256092, '060.274.493-81', 'Clarisse Alves Marques', '1º D - Administração', 'Administração', '1'),
  (9, 3212794, '088.497.873-75', 'Emyly da Silva Moreira', '1º D - Administração', 'Administração', '1'),
  (10, 3412300, '090.018.953-36', 'Francisca Sheilyane Almeida de Sousa', '1º D - Administração', 'Administração', '1'),
  (11, 2845988, '086.223.013-62', 'Grazielly Rodrigues Gomes', '1º D - Administração', 'Administração', '1'),
  (12, 1624522, '621.982.803-88', 'Iris Bezerra Almeida', '1º D - Administração', 'Administração', '1'),
  (13, 3530254, '095.091.153-47', 'Jenifer Ferreira Mota', '1º D - Administração', 'Administração', '1'),
  (14, 2517215, '091.716.623-08', 'João Pedro Azevedo da Silva', '1º D - Administração', 'Administração', '1'),
  (15, 3490358, '097.329.563-56', 'José Otávio Monte Martins', '1º D - Administração', 'Administração', '1'),
  (16, 5256119, '067.145.023-97', 'Kamylla Alves Vasconcelos', '1º D - Administração', 'Administração', '1'),
  (17, 2862136, '088.114.303-05', 'Lara Maria Beserra da Silva', '1º D - Administração', 'Administração', '1'),
  (18, 5236445, '094.210.143-08', 'Linda Patricia Alves Martins', '1º D - Administração', 'Administração', '1'),
  (19, 3623366, '111.227.413-83', 'Livia Maria de Sousa Ferreira', '1º D - Administração', 'Administração', '1'),
  (20, 3540794, '070.473.413-31', 'Lohanne Paiva Costa', '1º D - Administração', 'Administração', '1'),
  (21, 1624859, '071.606.863-06', 'Lorena Vitória Santiago Landim', '1º D - Administração', 'Administração', '1'),
  (22, 3769918, '052.484.833-52', 'Lucas Ferreira Cavalcante', '1º D - Administração', 'Administração', '1'),
  (23, 4696596, '118.988.023-78', 'Luis Gustavo Gonçalves Vieira', '1º D - Administração', 'Administração', '1'),
  (24, 2850421, '067.057.323-00', 'Luiz Gustavo Sousa Alves', '1º D - Administração', 'Administração', '1'),
  (25, 2839992, '084.296.123-27', 'Maria Analia Marques Sampaio', '1º D - Administração', 'Administração', '1'),
  (26, 839878, '089.505.323-36', 'Maria Clara Braga da Silva', '1º D - Administração', 'Administração', '1'),
  (27, 3220298, '085.385.603-60', 'Maria Emanuelle Soares Mota', '1º D - Administração', 'Administração', '1'),
  (28, 4190382, '097.657.743-70', 'Maria Emanuelle Camelo de Sousa', '1º D - Administração', 'Administração', '1'),
  (29, 2225024, '069.098.273-92', 'Maria Emilly Marques Araújo', '1º D - Administração', 'Administração', '1'),
  (30, 971366, '086.088.203-90', 'Maria Esperança Ximenes Loiola', '1º D - Administração', 'Administração', '1'),
  (31, 4268731, '083.871.223-19', 'Maria Julia Marques Bezerra Porfirio', '1º D - Administração', 'Administração', '1'),
  (32, 3414293, '091.898.513-74', 'Maria Ludmylla Ferreira Lopes', '1º D - Administração', 'Administração', '1'),
  (33, 5256276, '091.314.783-44', 'Maria Luisa Morais Bonfim', '1º D - Administração', 'Administração', '1'),
  (34, 2890760, '089.871.393-52', 'Maria Rita de Sousa Bezerra', '1º D - Administração', 'Administração', '1'),
  (35, 3184630, '086.311.523-31', 'Mariana Mesquita de Sousa', '1º D - Administração', 'Administração', '1'),
  (36, 2629690, '116440.713-98', 'Marylia Nykassia Rodrigues Sousa', '1º D - Administração', 'Administração', '1'),
  (37, 2800662, '086.786.913-52', 'Matheus Sousa de Almeida', '1º D - Administração', 'Administração', '1'),
  (38, 4665539, '072.977.873-88', 'Pietro Resende Belém', '1º D - Administração', 'Administração', '1'),
  (39, 2457681, '097.260.223-20', 'Rute Maria Vieira Oliveira', '1º D - Administração', 'Administração', '1'),
  (40, 2252447, '086.699.423-80', 'Tamires de Sousa Ferreira', '1º D - Administração', 'Administração', '1'),
  (41, 3623007, '091.295113-30', 'Toinho Alves Barbosa', '1º D - Administração', 'Administração', '1'),
  (42, 2839958, '059.780.023-55', 'Vitor Marques Lima', '1º D - Administração', 'Administração', '1'),
  (43, 2918497, '085.917.513-88', 'Wendilla Elisama Ribeiro Vieira', '1º D - Administração', 'Administração', '1'),
  (44, 5256320, '060.648.123-03', 'Yago Honorato Cavalvante Vieira', '1º D - Administração', 'Administração', '1'),
  (45, 4691130, '084.268.183-31', 'Pedro Henrique Soares Coutinho', '1º D - Administração', 'Administração', '1');
-- --------------------------------------------------------------------------------------------------------------------
-- 2A
INSERT INTO aluno (numero, matricula, cpf, nome_completo, sala_identificacao, curso, serie)
VALUES
  (1, 2265307, '071.460.203-55', 'Aline Kelly Rosa de lima', '2º A - Enfermagem', 'Enfermagem', '2'),
  (2, 4217540, '094.997.023-93', 'Amanda Vitória Gomes de Sá Rodrigues', '2º A - Enfermagem', 'Enfermagem', '2'),
  (3, 5073800, '068.442.253-00', 'Ana Heloisa Machado Ferreira', '2º A - Enfermagem', 'Enfermagem', '2'),
  (4, 4285800, '473.864.748-22', 'Ana karoline Gomes do Amaral', '2º A - Enfermagem', 'Enfermagem', '2'),
  (5, 4341476, '057.523.673-60', 'Ana Luiza Tavares Arruda', '2º A - Enfermagem', 'Enfermagem', '2'),
  (6, 5073783, '096.593.963-41', 'Ana Sofia de Carvalho Martins', '2º A - Enfermagem', 'Enfermagem', '2'),
  (7, 2398103, '621.920.203-17', 'Anne Isabelle Viana Lopes', '2º A - Enfermagem', 'Enfermagem', '2'),
  (8, 3190129, '095.200.393-76', 'Antonia Thiffany Abreu de Alencar', '2º A - Enfermagem', 'Enfermagem', '2'),
  (9, 2902891, '074.934.553-50', 'Antonio Victor Barbosa Cezar', '2º A - Enfermagem', 'Enfermagem', '2'),
  (10, 3394066, '120.027.703-10', 'Camila Gomes Morais', '2º A - Enfermagem', 'Enfermagem', '2'),
  (11, 2351560, '074.454.003-89', 'Carlos Daniel Soares Pimentel', '2º A - Enfermagem', 'Enfermagem', '2'),
  (12, 4354699, '093.836.953-90', 'Clara Manoela Teles Alves', '2º A - Enfermagem', 'Enfermagem', '2'),
  (13, 3391969, '486.246.628-18', 'Daniel Carlos Fernandes', '2º A - Enfermagem', 'Enfermagem', '2'),
  (14, 3991084, '101.865.263-93', 'Deleon Mota de Souza', '2º A - Enfermagem', 'Enfermagem', '2'),
  (15, 5073746, '083.152.403-07', 'Fernanda Albuquerque de Amorim', '2º A - Enfermagem', 'Enfermagem', '2'),
  (16, 2586589, '082.227.653-45', 'Francisca Gleicivania Veras Lima', '2º A - Enfermagem', 'Enfermagem', '2'),
  (17, 2887353, '086.64.393-02', 'Francisca Sabrina Andrade Lima Oliveira', '2º A - Enfermagem', 'Enfermagem', '2'),
  (18, 5073519, '087.977.213-10', 'Isabela Vieira Pinho Gonçalves', '2º A - Enfermagem', 'Enfermagem', '2'),
  (19, 4526135, '095.039.473-40', 'Italo Martins Chaves', '2º A - Enfermagem', 'Enfermagem', '2'),
  (20, 2398894, '100.408.763-22', 'João Victor Rodrigues Bezerra', '2º A - Enfermagem', 'Enfermagem', '2'),
  (21, 2713234, '086.116.123-88', 'Juliana Ribeiro Sampaio', '2º A - Enfermagem', 'Enfermagem', '2'),
  (22, 2867870, '088.100.023-00', 'Kaio Siqueira da Silva', '2º A - Enfermagem', 'Enfermagem', '2'),
  (23, 5073624, '083.676.463-39', 'Karla Vitória Ribeiro de Carvalho', '2º A - Enfermagem', 'Enfermagem', '2'),
  (24, 1559895, '095.197.203-08', 'Laricia Marreiro Leitão', '2º A - Enfermagem', 'Enfermagem', '2'),
  (25, 2191557, '091.988.443-18', 'Leticia Coelho Fernandes', '2º A - Enfermagem', 'Enfermagem', '2'),
  (26, 5073710, '103.713.603-90', 'Luis Felipe Monte dos Santos', '2º A - Enfermagem', 'Enfermagem', '2'),
  (27, 2349578, '086.065.273-43', 'Luiz Fernando Rodrigues Camelo', '2º A - Enfermagem', 'Enfermagem', '2'),
  (28, 3495477, '088.808.853-16', 'Luma Dhavylla Cezar Evangelista', '2º A - Enfermagem', 'Enfermagem', '2'),
  (29, 3191543, '088.494.433-66', 'Madeline Macedo Silva', '2º A - Enfermagem', 'Enfermagem', '2'),
  (30, 5073552, '065.102.393-96', 'Marcos Willames Saboia de Andrade Filho', '2º A - Enfermagem', 'Enfermagem', '2'),
  (31, 3479146, '091.267.433-45', 'Maria Clara Braga Felix', '2º A - Enfermagem', 'Enfermagem', '2'),
  (32, 2887457, '083.376.583-39', 'Maria Gleycyane Tavares Chagas', '2º A - Enfermagem', 'Enfermagem', '2'),
  (33, 5073579, '081.479.473-48', 'Maria Lara Belarmino Pinheiro', '2º A - Enfermagem', 'Enfermagem', '2'),
  (34, 5073500, '087.966.473-88', 'Maria Leticia Oliveira Camelo', '2º A - Enfermagem', 'Enfermagem', '2'),
  (35, 3420676, '089.662.873-60', 'Maria Luciana Rodrigues Linhares', '2º A - Enfermagem', 'Enfermagem', '2'),
  (36, 2231993, '086.646.613-40', 'Mariane Gomes Rodrigues', '2º A - Enfermagem', 'Enfermagem', '2'),
  (37, 2212365, '086.591.773-63', 'Maxwel Oliveira de Souza', '2º A - Enfermagem', 'Enfermagem', '2'),
  (38, 2349957, '083.060.273-96', 'Monique Ingrid de Lira Sousa', '2º A - Enfermagem', 'Enfermagem', '2'),
  (39, 4525175, '076.204.853-09', 'Sarah Silva de Araújo', '2º A - Enfermagem', 'Enfermagem', '2'),
  (40, 3190316, '091.119.333-21', 'Stefanny Rafhaely da Silva Gomes', '2º A - Enfermagem', 'Enfermagem', '2'),
  (41, 3420334, '073.844.383-22', 'Thatyla Rhafaela Paulino Bulhoes Lima', '2º A - Enfermagem', 'Enfermagem', '2'),
  (42, 2430039, '097.827.913-18', 'Thays Azevedo Beserra', '2º A - Enfermagem', 'Enfermagem', '2');
-- --------------------------------------------------------------------------------------------------------------------
-- 2B
INSERT INTO aluno (numero, matricula, cpf, nome_completo, sala_identificacao, curso, serie)
VALUES
  (1, 3576500, '091.239.793-48', 'Antonio Andryellysson Loṕes de Souza', '2º B - Informática', 'Informática', '2'),
  (2, 5073993, '049.202.003-58', 'Antonio Milton Machado Neto', '2º B - Informática', 'Informática', '2'),
  (3, 3565498, '086.679.803-07', 'Antonio Rikelve Moura Soares', '2º B - Informática', 'Informática', '2'),
  (4, 1557988, '070.011.663-08', 'Artur Marinho Soares', '2º B - Informática', 'Informática', '2'),
  (5, 2861961, '112.699.263-14', 'Bianca Raelly Soares', '2º B - Informática', 'Informática', '2'),
  (6, 1855521, '086.062.093-09', 'Carlos Henrique Jeronimo de Oliveira', '2º B - Informática', 'Informática', '2'),
  (7, 3420317, '611.227.243-14', 'Davi Silva Teixeira', '2º B - Informática', 'Informática', '2'),
  (8, 3420317, '087.342.143-48', 'Davilla Vitória Ferreira Souza', '2º B - Informática', 'Informática', '2'),
  (9, 4341668, '088.548.683-88', 'Dayse Soares Resende', '2º B - Informática', 'Informática', '2'),
  (10, 3420428, '093.633.963-20', 'Dayslla Oliveira Resende', '2º B - Informática', 'Informática', '2'),
  (11, 3420429, '092.584.483-75', 'Ducy Maria Melo Rodrigues', '2º B - Informática', 'Informática', '2'),
  (12, 3991636, '082.921.843-25', 'Evany Gabrielly Maciel de Lima', '2º B - Informática', 'Informática', '2'),
  (13, 3420499, '091.055.013-18', 'Evelly Lohany de Oliveira Timbo', '2º B - Informática', 'Informática', '2'),
  (14, 5073951, '077.251.473-90', 'Filipe Alves Barbosa', '2º B - Informática', 'Informática', '2'),
  (15, 2843715, '086.699.953-93', 'Francisca Suyane Oliveira Souza', '2º B - Informática', 'Informática', '2'),
  (16, 2858835, '086.174.993-62', 'Francisco Davi Rodrigues Matias', '2º B - Informática', 'Informática', '2'),
  (17, 3398167, '077.477.963-23', 'Francisco Mateus Sena Sousa', '2º B - Informática', 'Informática', '2'),
  (18, 3399444, '073.426.443-74', 'Francisco Wellington Faustina Miguel', '2º B - Informática', 'Informática', '2'),
  (19, 5074149, '064.692.023-57', 'Gustavo Bezerra Aurelio', '2º B - Informática', 'Informática', '2'),
  (20, 1557517, '080.130.083-55', 'Gustavo Vieira Marinho', '2º B - Informática', 'Informática', '2'),
  (21, 2290440, '086.455.923-20', 'Igor Neres da Silva', '2º B - Informática', 'Informática', '2'),
  (22, 3171539, '106.553.183-48', 'Isabelly de Sousa Marques', '2º B - Informática', 'Informática', '2'),
  (23, 4405639, '097.082.053-46', 'Ismael Chaves Batista', '2º B - Informática', 'Informática', '2'),
  (24, 3570913, '096.983.803-45', 'Ithyel Vasconcelos de Almeida Cavalcante', '2º B - Informática', 'Informática', '2'),
  (25, 5073861, '093.325.233-12', 'João Lucas Silva Alves', '2º B - Informática', 'Informática', '2'),
  (26, 5074075, '105.494.453-90', 'João Matheus Rodrigues Gonçalves', '2º B - Informática', 'Informática', '2'),
  (27, 3429000, '088.636.383-73', 'João Paulo Miranda Alves', '2º B - Informática', 'Informática', '2'),
  (28, 2989546, '085.951.043-36', 'João Romário Bezerra Silva', '2º B - Informática', 'Informática', '2'),
  (29, 2586754, '087.645.183-02', 'Joaquim Felipe Rodrigues de Araújo', '2º B - Informática', 'Informática', '2'),
  (30, 3990634, '112.576.263-29', 'Kawane Camily do Nascimento', '2º B - Informática', 'Informática', '2'),
  (31, 5074123, '609.573.493-27', 'Kelvyn Gabriel Araújo Anchieta', '2º B - Informática', 'Informática', '2'),
  (32, 4452942, '087.252.693-30', 'Luis Eduardo de Sousa Rodrigues', '2º B - Informática', 'Informática', '2'),
  (33, 2206448, '090.456.043-02', 'Maria Jayane de Sousa Lima', '2º B - Informática', 'Informática', '2'),
  (34, 2593856, '086.315.833-16', 'Maria Paula Pinto Rodrigues', '2º B - Informática', 'Informática', '2'),
  (35, 5073889, '085549323-23', 'Marillya Alves Loiola', '2º B - Informática', 'Informática', '2'),
  (36, 3972805, '095.347.353-88', 'Pedro Bezerra Pereira', '2º B - Informática', 'Informática', '2'),
  (37, 1618292, '100.537.793-63', 'Poliane Portela Gomes', '2º B - Informática', 'Informática', '2'),
  (38, 2887602, '088.355.073-32', 'Rafael Alves de Araújo', '2º B - Informática', 'Informática', '2'),
  (39, 4191450, '087.694.963-40', 'Ranny Ellen Bonfim dos Santos', '2º B - Informática', 'Informática', '2'),
  (40, 1638979, '082.282.243-11', 'Raquel Marinho Melo', '2º B - Informática', 'Informática', '2'),
  (41, 1625131, '621.943.153-73', 'Ronald Ferreira Bezerra', '2º B - Informática', 'Informática', '2'),
  (42, 4676761, '069.128.133-56', 'Sophia Sousa Campelo', '2º B - Informática', 'Informática', '2'),
  (43, 3172067, '087.937.653-80', 'Thauana Beatriz Soares Barbosa', '2º B - Informática', 'Informática', '2'),
  (44, 2880623, '621.910.433-13', 'Yasmim Pedroza Bonfim', '2º B - Informática', 'Informática', '2');
-- --------------------------------------------------------------------------------------------------------------------
-- 2C
INSERT INTO aluno (numero, matricula, cpf, nome_completo, sala_identificacao, curso, serie) VALUES
  (1, 2215365, '091.066.643-18', 'Ana Carolina Lima de Sousa', '2º C - Comércio', 'Comércio', '2'),
  (2, 2352548, '089.141.883-02', 'Ana Livia Claudino Sousa', '2º C - Comércio', 'Comércio', '2'),
  (3, 3420793, '096.920.933-95', 'Antonia Cintia Chaves Claudino', '2º C - Comércio', 'Comércio', '2'),
  (4, 2216335, '634.229.183-70', 'Antonia Elikarliane Gomes Melo', '2º C - Comércio', 'Comércio', '2'),
  (5, 2586302, '087.721.983-46', 'Antonia Naiara Carvalho Lima', '2º C - Comércio', 'Comércio', '2'),
  (6, 2207609, '082.818.763-01', 'Antonia Raylla dias Martins', '2º C - Comércio', 'Comércio', '2'),
  (7, 2432501, '119.974.183-39', 'Antonio Wagner Rodrigues de Araújo', '2º C - Comércio', 'Comércio', '2'),
  (8, 4532289, '085.677.293-35', 'Brenda Maria de Almeida Abreu', '2º C - Comércio', 'Comércio', '2'),
  (9, 3830697, '096.226.963-84', 'Carlos Daniel Alves Pereira', '2º C - Comércio', 'Comércio', '2'),
  (10, 3841254, '093.017.613-86', 'Erika Silva Mota', '2º C - Comércio', 'Comércio', '2'),
  (11, 3420661, '086.845.073-12', 'Evelly Nicolle Mota Praxedes', '2º C - Comércio', 'Comércio', '2'),
  (12, 2880384, '078.523.323-74', 'Fabiana Sousa da Silva', '2º C - Comércio', 'Comércio', '2'),
  (13, 2506884, '088.358.753-07', 'Francisco Fabiano Nunes de Sousa', '2º C - Comércio', 'Comércio', '2'),
  (14, 2211268, '088.952.973-69', 'Francisco Gabriel de Sousa Bezerra', '2º C - Comércio', 'Comércio', '2'),
  (15, 2911936, '086.418.103-58', 'Francisco Gabriel Rocha de Souza', '2º C - Comércio', 'Comércio', '2'),
  (16, NULL, 'TRANSFERIDO', 'Francisco Vinicius Silva Bezerra', '2º C - Comércio', 'Comércio', '2'),
  (17, 1792269, '089.063.953-10', 'Gabriel Sousa Macedo', '2º C - Comércio', 'Comércio', '2'),
  (18, 3250629, '086.157.463-03', 'Guilherme de Sousa Lima', '2º C - Comércio', 'Comércio', '2'),
  (19, 2868079, '092.303.013-10', 'Hadassa Cristine de Pinho Pessoa', '2º C - Comércio', 'Comércio', '2'),
  (20, 3585749, '112.032.663-08', 'Ithalu Rodrigues Paiva Nascimento', '2º C - Comércio', 'Comércio', '2'),
  (21, 5085380, '120.456.683-63', 'Iure Gomes Machado', '2º C - Comércio', 'Comércio', '2'),
  (22, 3420663, '096.829.463-44', 'Ivillis Rayanne Evangelista da Silva', '2º C - Comércio', 'Comércio', '2'),
  (23, 2343173, '087.243.843-05', 'Jhon Emanuel Pereira Ribeiro', '2º C - Comércio', 'Comércio', '2'),
  (24, 5085323, '088.465.663-27', 'João Marlon Nobre Soares', '2º C - Comércio', 'Comércio', '2'),
  (25, 3420302, '100.201.093-42', 'João Pedro Vieira Marques', '2º C - Comércio', 'Comércio', '2'),
  (26, 3526810, '107.737.663-40', 'Jorge Luiz Farias Gomes', '2º C - Comércio', 'Comércio', '2'),
  (27, 2712361, '082.820.293-19', 'José Alcantara Rodrigues Neto', '2º C - Comércio', 'Comércio', '2'),
  (28, 2713247, '624.752.763-20', 'Lara Ingrid Pereira Oliveira', '2º C - Comércio', 'Comércio', '2'),
  (29, 3171706, '090.869.263-39', 'Lara Luiza Rodrigues Carvalho', '2º C - Comércio', 'Comércio', '2'),
  (30, 4461729, '715.095.761-77', 'Manoel de Sousa Bonfim', '2º C - Comércio', 'Comércio', '2'),
  (31, 3420669, '086.184.083-60', 'Maria Antonia Santiago de Sousa', '2º C - Comércio', 'Comércio', '2'),
  (32, 2880419, '088.143.463-99', 'Maria Beatriz Rodrigues Uchoa', '2º C - Comércio', 'Comércio', '2'),
  (33, 2346053, '079.033.103-70', 'Maria Eduarda Araújo Barbosa de Paiva', '2º C - Comércio', 'Comércio', '2'),
  (34, 2880635, '088.185.243-05', 'Maria de Fatima da Silva Nascimento', '2º C - Comércio', 'Comércio', '2'),
  (35, 3769919, '069.306.763-22', 'Matheus Lucas Oliveira da Silva', '2º C - Comércio', 'Comércio', '2'),
  (36, 1809076, '085.927.433-03', 'Nicole Nepomuceno Silva', '2º C - Comércio', 'Comércio', '2'),
  (37, 3585771, '621.992.373-11', 'Pedro Henrique da Silva Lima', '2º C - Comércio', 'Comércio', '2'),
  (38, 2543654, '088.258.413-88', 'Robson Ximenes Carlos', '2º C - Comércio', 'Comércio', '2'),
  (39, 2868272, '103.761.773-81', 'Sabrina Gomes Costa', '2º C - Comércio', 'Comércio', '2'),
  (40, 2863944, '082.541.493-80', 'Salatiel Lima dos Santos', '2º C - Comércio', 'Comércio', '2'),
  (41, 2345634, '087.817.113-44', 'Tania Mara Alves da Silva', '2º C - Comércio', 'Comércio', '2'),
  (42, 3836449, '097.497.473-05', 'Yasmin Rodrigues Barbosa', '2º C - Comércio', 'Comércio', '2');
-- --------------------------------------------------------------------------------------------------------------------
-- 2D
INSERT INTO aluno (numero, matricula, cpf, nome_completo, sala_identificacao, curso, serie) VALUES
  (1, 2586220, '088.144.713-71', 'Ana Cecilia Pereira Madureira', '2º D - Administração', 'Administração', '2'),
  (2, 1809062, '107.315.503-07', 'Ana Clara Gomes Pereira', '2º D - Administração', 'Administração', '2'),
  (3, 3168331, '089.920.483-00', 'Ana Clara Rodrigues Melo', '2º D - Administração', 'Administração', '2'),
  (4, 3399436, '073.429.033-02', 'Anderson Ferreira Veras', '2º D - Administração', 'Administração', '2'),
  (5, 2843818, '085.696.633-90', 'Antonio Kauan Cipriano de Miranda', '2º D - Administração', 'Administração', '2'),
  (6, 2321515, '090.021.783-95', 'Carlos Eduardo Aurelio de Castro', '2º D - Administração', 'Administração', '2'),
  (7, 2244122, '085.714.673-40', 'Clarisse Barbosa Rodrigues', '2º D - Administração', 'Administração', '2'),
  (8, 4725252, '082.546.603-28', 'Clarisse Silveira Sales', '2º D - Administração', 'Administração', '2'),
  (9, 4200808, '086.268.323-89', 'Daivid Rian Silva Veras', '2º D - Administração', 'Administração', '2'),
  (10, 5083995, '094.488.643-45', 'Eduardo Alves Rodrigues', '2º D - Administração', 'Administração', '2'),
  (11, 2862037, '086.269.483-36', 'Enzo Pablo Silva Nascimento', '2º D - Administração', 'Administração', '2'),
  (12, 4058125, '050.198.683-96', 'Felipe Allyson Silva Cavalcante', '2º D - Administração', 'Administração', '2'),
  (13, 5084138, '071.160.493-06', 'Francisco Daniel Bezerra Araújo', '2º D - Administração', 'Administração', '2'),
  (14, 2245913, '088.782.623-74', 'Francisco Eduardo Rodrigues Nunes', '2º D - Administração', 'Administração', '2'),
  (15, 2247138, '089.865.293-60', 'Francisco Lucas Soares Lima', '2º D - Administração', 'Administração', '2'),
  (16, 5083548, '070.092.643-76', 'Gabrielle Maria Campos da Silva', '2º D - Administração', 'Administração', '2'),
  (17, 5083624, '068.636.093-12', 'Guilherme Abreu Prudencio', '2º D - Administração', 'Administração', '2'),
  (18, 3213372, '086.637.613-50', 'Isa Karen Sousa Nunes', '2º D - Administração', 'Administração', '2'),
  (19, 5083284, '062.309.923-37', 'João Paulo Alves Barbosa', '2º D - Administração', 'Administração', '2'),
  (20, 5083637, '095.696.823-61', 'Kauan Chaves Oliveira', '2º D - Administração', 'Administração', '2'),
  (21, 2313408, '086.119.433-09', 'Ketlen Kelly Ribeiro de Mesquita', '2º D - Administração', 'Administração', '2'),
  (22, 4022641, '096.961.233-88', 'Lais de Sousa Carvalho', '2º D - Administração', 'Administração', '2'),
  (23, 5083205, '075.870.723-14', 'Lais Sousa Pereira', '2º D - Administração', 'Administração', '2'),
  (24, 4640436, '092.569.773-70', 'Lara Beatriz Miranda Teixeira', '2º D - Administração', 'Administração', '2'),
  (25, 3577136, '091.268.413-55', 'Layane Pamella Soares Lopes', '2º D - Administração', 'Administração', '2'),
  (26, 2231682, '077.757.643-09', 'Layane Ximenes Loiola', '2º D - Administração', 'Administração', '2'),
  (27, 3398194, '052.891.153-82', 'Ludiemily Dias Melo', '2º D - Administração', 'Administração', '2'),
  (28, 5084067, '080.202.973-67', 'Luis Fernando Martins de Oliveira', '2º D - Administração', 'Administração', '2'),
  (29, 3401318, '095.619.083-95', 'Lyuan Silva Gomes', '2º D - Administração', 'Administração', '2'),
  (30, 5083367, '089.826.123-60', 'Maria Avila Lopes Mendes', '2º D - Administração', 'Administração', '2'),
  (31, 3716610, '069.448.653-19', 'Maria Clara Ponte Galvão', '2º D - Administração', 'Administração', '2'),
  (32, 2349949, '073.665.933-11', 'Maria Eduarda Cavalcante Evangelista', '2º D - Administração', 'Administração', '2'),
  (33, 2212182, '086.729.243-12', 'Maria Eduarda Rodrigues Alves', '2º D - Administração', 'Administração', '2'),
  (34, 1453302, '097.363.403-09', 'Maria Geniane Sousa da Silva', '2º D - Administração', 'Administração', '2'),
  (35, 2209417, '073.762.583-02', 'Maria Guadalupe Alves Gomes', '2º D - Administração', 'Administração', '2'),
  (36, 3366447, '085.628.173-50', 'Maria Isadora de Oliveira do Vale', '2º D - Administração', 'Administração', '2'),
  (37, 4341676, '084.748.233-23', 'Maria Kaylane Lopes Torres', '2º D - Administração', 'Administração', '2'),
  (38, 2712514, '093.948.543-55', 'Maria Luiza Claudino Ximenes Saboia', '2º D - Administração', 'Administração', '2'),
  (39, 5083890, '088.088.843-17', 'Maria Paula Rodrigues Marques', '2º D - Administração', 'Administração', '2'),
  (40, 4354406, '085.928.063-21', 'Mariana Andressa Alves Bertoldo', '2º D - Administração', 'Administração', '2'),
  (41, 2887575, '086.729.653-45', 'Mariana Barbosa Soares', '2º D - Administração', 'Administração', '2'),
  (42, 2586940, '075.759.933-80', 'Nara Cristina Marques Gomes', '2º D - Administração', 'Administração', '2'),
  (43, 2212878, '088.066.573-48', 'Nicoli Maciel Veras', '2º D - Administração', 'Administração', '2'),
  (44, 2314280, '081.177.473-24', 'Pedro Henrique de Sousa Ferreira', '2º D - Administração', 'Administração', '2'),
  (45, 2596167, '090.877.033-25', 'Raila da Silva Mota', '2º D - Administração', 'Administração', '2'),
  (46, 2459524, '086.416.943-40', 'Samuel Lopes Sales', '2º D - Administração', 'Administração', '2');
-- --------------------------------------------------------------------------------------------------------------------
-- 3A
INSERT INTO aluno (numero, matricula, cpf, nome_completo, sala_identificacao, curso, serie) VALUES
  (1, 4892886, '047.727.993-70', 'Ana Batriz Ribeiro Lima', '3º A - Enfermagem', 'Enfermagem', '3'),
  (2, 1808414, '088.888.653-57', 'Ana Clara Meneses Maia', '3º A - Enfermagem', 'Enfermagem', '3'),
  (3, 3262995, '059.967.253-63', 'Ana Glenda Silva Lopes', '3º A - Enfermagem', 'Enfermagem', '3'),
  (4, 4892908, '090.644.133-12', 'Ana Livia de Souza Matos Cardoso', '3º A - Enfermagem', 'Enfermagem', '3'),
  (5, 2419160, '603.580.593-05', 'Ana Lorrany Martins de Araujo', '3º A - Enfermagem', 'Enfermagem', '3'),
  (6, 1664052, '603.736.843-04', 'Ana Luiza Macedo Costa Saboia', '3º A - Enfermagem', 'Enfermagem', '3'),
  (7, 2783289, '086.400.873-26', 'Anna Leticia Sousa Silva', '3º A - Enfermagem', 'Enfermagem', '3'),
  (8, 4356498, '096.379.323-30', 'Anne Alyce Gomes Moreira', '3º A - Enfermagem', 'Enfermagem', '3'),
  (9, 2345402, '621.935.563-69', 'Antonia Clarisse de Oliveira Alves', '3º A - Enfermagem', 'Enfermagem', '3'),
  (10, 2932777, '097.353.163-07', 'Antonia Mariana da Silva Alves', '3º A - Enfermagem', 'Enfermagem', '3'),
  (11, 4736009, '463.088.548-08', 'Beatriz Rodrigues de Oliveira', '3º A - Enfermagem', 'Enfermagem', '3'),
  (12, 4892939, '096.763.133-51', 'Claudia Monique Rodrigues Castro', '3º A - Enfermagem', 'Enfermagem', '3'),
  (13, 4892981, '106.545.793-69', 'Dandara Melo Araújo', '3º A - Enfermagem', 'Enfermagem', '3'),
  (14, 3025956, '089.585.453-80', 'Diana da Silva Claudino', '3º A - Enfermagem', 'Enfermagem', '3'),
  (15, 2177944, '081.024.503-55', 'Diele Vitória Castro Alves', '3º A - Enfermagem', 'Enfermagem', '3'),
  (16, 2506676, '615.222.893-05', 'Estrela Rita Matos de Oliveira', '3º A - Enfermagem', 'Enfermagem', '3'),
  (17, 2946091, '045.203.383-79', 'Fernando de Oliveira Alves', '3º A - Enfermagem', 'Enfermagem', '3'),
  (18, 2929349, '093.826.523-70', 'Geovana Sousa Pereira', '3º A - Enfermagem', 'Enfermagem', '3'),
  (19, 3804483, '111.781.735-00', 'Giselly Lima Carvalho', '3º A - Enfermagem', 'Enfermagem', '3'),
  (20, 3260506, '624.752.933-30', 'Iara Bezerra Nascimento', '3º A - Enfermagem', 'Enfermagem', '3'),
  (21, 4883067, '079.998.823-56', 'João Levi Sena Evaristo', '3º A - Enfermagem', 'Enfermagem', '3'),
  (22, 1817605, '087.212.063-50', 'João Pedro Mota Vasconcelos', '3º A - Enfermagem', 'Enfermagem', '3'),
  (23, 3250847, '098.946.293-50', 'José Mateus Honorato de Oliveira', '3º A - Enfermagem', 'Enfermagem', '3'),
  (24, 4882809, '087.258.753-37', 'Livia Nazaré Alexandre Pimentel', '3º A - Enfermagem', 'Enfermagem', '3'),
  (25, 2178513, '106.493.043-30', 'Lucas Francisco Pereira de Souza', '3º A - Enfermagem', 'Enfermagem', '3'),
  (26, 2991164, '089.147.113-82', 'Lucas Gabriel Araújo Soares', '3º A - Enfermagem', 'Enfermagem', '3'),
  (27, 1138754, '089.142.453-90', 'Maria Clara Bezerra Machado', '3º A - Enfermagem', 'Enfermagem', '3'),
  (28, 1815784, '603.942.073-19', 'Maria Clara Domingos Rodrigues', '3º A - Enfermagem', 'Enfermagem', '3'),
  (29, 1817674, '088.713.173-51', 'Maria Clara Gomes Soares', '3º A - Enfermagem', 'Enfermagem', '3'),
  (30, 2230512, '085.777.703-38', 'Maria de Jesus Coelho Braz', '3º A - Enfermagem', 'Enfermagem', '3'),
  (31, 4213237, '090.535.913-54', 'Maria Eduarda Lopes Miranda', '3º A - Enfermagem', 'Enfermagem', '3'),
  (32, 3268284, '090.730.183-58', 'Maria Gabriela Diniz Costa', '3º A - Enfermagem', 'Enfermagem', '3'),
  (33, 2918696, '045.581.233-02', 'Maria Isabelly Araújo Vasconcelos', '3º A - Enfermagem', 'Enfermagem', '3'),
  (34, 4893192, '042.577.273-06', 'Mariana Bezerra Camelo Leite', '3º A - Enfermagem', 'Enfermagem', '3'),
  (35, 4893214, '051.144.413-37', 'Mariana Soares Vieira', '3º A - Enfermagem', 'Enfermagem', '3'),
  (36, 3263729, '091.583.493-67', 'Mariany Rodrigues Gomes', '3º A - Enfermagem', 'Enfermagem', '3'),
  (37, 1665522, '621.975.033-08', 'Moniely Alves da Silva', '3º A - Enfermagem', 'Enfermagem', '3'),
  (38, 2354692, '090.473.233-94', 'Monique Neves Calixto', '3º A - Enfermagem', 'Enfermagem', '3'),
  (39, 3251060, '043.607.873-24', 'Otavio Hemer Bonfim de Sousa', '3º A - Enfermagem', 'Enfermagem', '3'),
  (40, 2720391, '633.103.483-85', 'Paula Bianca Gomes dos Santos', '3º A - Enfermagem', 'Enfermagem', '3'),
  (41, 2149729, '081.580.303-60', 'Rayla Ferreira da Silva Alves', '3º A - Enfermagem', 'Enfermagem', '3'),
  (42, 2257251, '084.742.703-08', 'Ricardo Souza Lima', '3º A - Enfermagem', 'Enfermagem', '3'),
  (43, 4893287, '052.680.463-73', 'Rívia Rafaela Evaristo Torres', '3º A - Enfermagem', 'Enfermagem', '3'),
  (44, 1643183, '089.382.673-18', 'Victoria Emyle Rodrigues de Sousa', '3º A - Enfermagem', 'Enfermagem', '3'),
  (45, 4893330, '043.386.873-20', 'Vinicius Carvalho Duarte Mourão', '3º A - Enfermagem', 'Enfermagem', '3'),
  (46, 3200604, '088.109.523-08', 'Yasmim Soares Lopes', '3º A - Enfermagem', 'Enfermagem', '3');
-- --------------------------------------------------------------------------------------------------------------------
-- 3B
INSERT INTO aluno (numero, matricula, cpf, nome_completo, sala_identificacao, curso, serie) VALUES
  (1, 3252293, '090.480.533-66', 'Alanna Vilky Lopes Rodrigues', '3º B - Informática', 'Informática', '3'),
  (2, 2877480, '090.390.883-22', 'Ana Karoline França do Vale', '3º B - Informática', 'Informática', '3'),
  (3, 4523926, '076.880.603-89', 'Ana Lívia Pereira de Carvalho', '3º B - Informática', 'Informática', '3'),
  (4, 2431460, '095.246.373-32', 'Ana Luiza Silva Rodrigues', '3º B - Informática', 'Informática', '3'),
  (5, 3250479, '085.214.103-36', 'Anderson Melo da Silva', '3º B - Informática', 'Informática', '3'),
  (6, 2855655, '083.577.073-78', 'Angelica Rodrigues Alves', '3º B - Informática', 'Informática', '3'),
  (7, 2858584, '085.799.933-85', 'Antonio Jhonatan Linhares Oliveira', '3º B - Informática', 'Informática', '3'),
  (8, 3181573, '103.314.563-70', 'Arthur Oliveira Melo', '3º B - Informática', 'Informática', '3'),
  (9, 4900497, '061.921.623-95', 'Breno Kelvin Oliveira Carvalho', '3º B - Informática', 'Informática', '3'),
  (10, 2917850, '088.428.053-51', 'Ciro Lopes Lima Nobre', '3º B - Informática', 'Informática', '3'),
  (11, 4666270, '094.051.693-43', 'David Saboia e Silva Filho', '3º B - Informática', 'Informática', '3'),
  (12, 1808456, '076.610.903-84', 'Erica de Oliveira Silva', '3º B - Informática', 'Informática', '3'),
  (13, 3058950, '090.546.973-93', 'Felipe Bezerra Farias', '3º B - Informática', 'Informática', '3'),
  (14, 2875445, '085.317.763-50', 'Francisca Vanessa Soares Marinho', '3º B - Informática', 'Informática', '3'),
  (15, 4895023, '088.390.653-85', 'Francsico Arthur Melo da Silva', '3º B - Informática', 'Informática', '3'),
  (16, 3252577, '085.898.963-82', 'Francisco Emerson Marques Araujo', '3º B - Informática', 'Informática', '3'),
  (17, 2320417, '088.854.223-22', 'Francisco Flavio Domingos da Hora Junior', '3º B - Informática', 'Informática', '3'),
  (18, 2398586, '087.801.223-02', 'Francisco Matheus de Oliveira Soares', '3º B - Informática', 'Informática', '3'),
  (19, 2325940, '083.536.423-28', 'Francisco Ruan Marques Ximenes', '3º B - Informática', 'Informática', '3'),
  (20, 4469157, '090.582.543-80', 'Francisco Ytalo Oliveira Rodrigues', '3º B - Informática', 'Informática', '3'),
  (21, 2933131, '090.479.833-00', 'Gabriel Lima Soares Oliveira', '3º B - Informática', 'Informática', '3'),
  (22, 4667006, '110.484.443-50', 'Gabriel Pinto Veras', '3º B - Informática', 'Informática', '3'),
  (23, 4895046, '093.257.633-89', 'Gustavo Bandeira Araújo', '3º B - Informática', 'Informática', '3'),
  (24, 3025962, '402.295.678-00', 'Gustavo Henrique Pereira Araujo', '3º B - Informática', 'Informática', '3'),
  (25, 2713040, '081.206.243-43', 'José Henry Viana Saboia', '3º B - Informática', 'Informática', '3'),
  (26, 2347864, '088.184.423-33', 'José Luiz Soares Costa', '3º B - Informática', 'Informática', '3'),
  (27, 3250975, '434.062.428-47', 'Josué Soares Torres Neto', '3º B - Informática', 'Informática', '3'),
  (28, 4895169, '088.071.973-75', 'Julia Batista Barros', '3º B - Informática', 'Informática', '3'),
  (29, 3181635, '103.314.083-09', 'Kalel Oliveira Melo', '3º B - Informática', 'Informática', '3'),
  (30, 3383461, '621.973.993-06', 'Kaua Silva Barreto Caldas', '3º B - Informática', 'Informática', '3'),
  (31, 3263926, '087.730.973-65', 'Kelly Romualdo Palhano Bezerra', '3º B - Informática', 'Informática', '3'),
  (32, 4162922, '069.996.983-25', 'Kevin Beserra Nobre', '3º B - Informática', 'Informática', '3'),
  (33, 2350096, '038.583.363-60', 'Maria Clara Batista Maciel', '3º B - Informática', 'Informática', '3'),
  (34, 2854116, '085.736.223-26', 'Maria Regilane Tomaz do Nascimento', '3º B - Informática', 'Informática', '3'),
  (35, 4895209, '043.386.843-05', 'Mylena Carvalho Duarte Mourão', '3º B - Informática', 'Informática', '3'),
  (36, 2256975, '091.163.473-82', 'Nágila Lopes do Nascimento', '3º B - Informática', 'Informática', '3'),
  (37, 3263681, '091.234.623-02', 'Paulo Henrique Gomes Pereira', '3º B - Informática', 'Informática', '3'),
  (38, 1516089, '100.243.693-14', 'Paulo Iago Araújo Diogo', '3º B - Informática', 'Informática', '3'),
  (39, 1516111, '100.243.433-58', 'Pedro Iuri Araujo Diogo', '3º B - Informática', 'Informática', '3'),
  (40, 2548228, '097.293.353-03', 'Pedro Wesley Lima do Paiva', '3º B - Informática', 'Informática', '3'),
  (41, 3254819, '082.478.373-58', 'Samuel Araujo Portela', '3º B - Informática', 'Informática', '3'),
  (42, 3256394, '085.207.933-80', 'Ygor José de Souza Rodrigues', '3º B - Informática', 'Informática', '3'),
  (43, 2349748, '082.823.833-25', 'Ykaro Ribeiro Rosa', '3º B - Informática', 'Informática', '3');
-- --------------------------------------------------------------------------------------------------------------------
-- 3C
INSERT INTO aluno (numero, matricula, cpf, nome_completo, sala_identificacao, curso, serie) VALUES
  (1, 2928837, '622.005.443-16', 'Ana Carolina Vieira da Silva', '3º C - Comércio', 'Comércio', '3'),
  (2, 3594871, '090.773.553-32', 'Anna Vitoria Rodrigies Batista', '3º C - Comércio', 'Comércio', '3'),
  (3, 3833301, '086.624.713-07', 'Antonia Sthefany da Silva Gomes', '3º C - Comércio', 'Comércio', '3'),
  (4, 1807763, '093.927.113-36', 'Antonia Victoria Domingos da Hora', '3º C - Comércio', 'Comércio', '3'),
  (5, 2251910, '088.191.803-24', 'Caliel Ximenes Carneiro', '3º C - Comércio', 'Comércio', '3'),
  (6, 4895367, '062.754.023-69', 'Davi Madureira Sampaio', '3º C - Comércio', 'Comércio', '3'),
  (7, 2229730, '086.011.033-83', 'Francisca Marisa Rodrigues do Nascimento', '3º C - Comércio', 'Comércio', '3'),
  (8, 2853559, '085.870.343-24', 'Francisca Raissa Rosa de Oliveira', '3º C - Comércio', 'Comércio', '3'),
  (9, 4341782, '088.871.113-16', 'Fancisco Flávio Matins Siqueira', '3º C - Comércio', 'Comércio', '3'),
  (10, 2924916, '603.745.613-54', 'Gabriel Kauan Silva Pereira', '3º C - Comércio', 'Comércio', '3'),
  (11, 1664276, '603.741.623-01', 'Gabriellly Batista da Silva Almeida', '3º C - Comércio', 'Comércio', '3'),
  (12, 2345777, '086.248.963-63', 'Gean Gomes Araujo', '3º C - Comércio', 'Comércio', '3'),
  (13, 2930743, '621.957.453-20', 'Gilmar da Silva Marques', '3º C - Comércio', 'Comércio', '3'),
  (14, 2916260, '100.400.293-95', 'João Paulo Palhano Coutinho', '3º C - Comércio', 'Comércio', '3'),
  (15, 2712959, '075.166.253-45', 'João Victor Marques Rodrigues', '3º C - Comércio', 'Comércio', '3'),
  (16, 2399104, '090.816.693-11', 'Julia de Oliveira Cavalcante', '3º C - Comércio', 'Comércio', '3'),
  (17, 2875281, '085.950.613-43', 'Juliana Rodrigues Linhares', '3º C - Comércio', 'Comércio', '3'),
  (18, 3025974, '092.304.883-99', 'Kaiele Pereira Soares', '3º C - Comércio', 'Comércio', '3'),
  (19, 2335613, '097.306.543-52', 'Kauã Ferreira Sousa', '3º C - Comércio', 'Comércio', '3'),
  (20, 2929478, '621.971.863-10', 'Kaylane Ribeiro Bernardino', '3º C - Comércio', 'Comércio', '3'),
  (21, 3771200, '087.505.903-16', 'Livian Aguiar Rodrigues', '3º C - Comércio', 'Comércio', '3'),
  (22, 4163204, '060.420.553-80', 'Luiz Felipe Lima Belo', '3º C - Comércio', 'Comércio', '3'),
  (23, 2991165, '088.842.053-60', 'Lukelly Bonfim Lima', '3º C - Comércio', 'Comércio', '3'),
  (24, 2861968, '105.909.623-45', 'Maria Carla de Sousa Rodrigues', '3º C - Comércio', 'Comércio', '3'),
  (25, 2230447, '086.236.873-10', 'Maria Clara de Sousa Braz', '3º C - Comércio', 'Comércio', '3'),
  (26, 3517029, '082.210.273-17', 'Maria Clara Rodrigues de Sousa', '3º C - Comércio', 'Comércio', '3'),
  (27, 4895438, '083.971.243-06', 'Maria da Conceição Lopes Soares', '3º C - Comércio', 'Comércio', '3'),
  (28, 2343040, '086.612.933-24', 'Maria Elane Henrique Felix', '3º C - Comércio', 'Comércio', '3'),
  (29, 2712869, '089.314.193-33', 'Maria Fernanda Linhares Veloso', '3º C - Comércio', 'Comércio', '3'),
  (30, 2713166, '080.852.233-76', 'Mayara Rufino Oliveira', '3º C - Comércio', 'Comércio', '3'),
  (31, 2713197, '091.046.123-61', 'Natalia Sousa Lima', '3º C - Comércio', 'Comércio', '3'),
  (32, 2941999, '084.068.373-14', 'Raimundo Railson Macêdo Sobral', '3º C - Comércio', 'Comércio', '3'),
  (33, 2258450, '100.941.773-84', 'Samantha Bertoldo de Sousa', '3º C - Comércio', 'Comércio', '3'),
  (34, 3263718, '091.380.923-36', 'Sérgio de Oliveira Gomes', '3º C - Comércio', 'Comércio', '3'),
  (35, 2875418, '086.396.723-00', 'Stefany Alexandre do Nascimento', '3º C - Comércio', 'Comércio', '3'),
  (36, 2329430, '093.343.033-79', 'Thalles Gabriel de Sousa Cavalcante', '3º C - Comércio', 'Comércio', '3'),
  (37, 4895525, '064.244.963-51', 'Victoria Servolo de Araujo', '3º C - Comércio', 'Comércio', '3'),
  (38, 2712929, '086.838.873-40', 'Yasmin Sabóia Rodrigues', '3º C - Comércio', 'Comércio', '3');
-- --------------------------------------------------------------------------------------------------------------------
-- 3D
INSERT INTO aluno (numero, matricula, cpf, nome_completo, sala_identificacao, curso, serie)
VALUES
  (1, 3250339, '098.030.953-07', 'Adryan Luan Farias Brandão', '3º D - Administração', 'Administração', '3'),
  (2, 4986296, '043.386.863-89', 'Alexandre Carvalho Duarte Mourão', '3º D - Administração', 'Administração', '3'),
  (3, 3707406, '634.244.093-88', 'Andressa Morais Rodrigues', '3º D - Administração', 'Administração', '3'),
  (4, 4881281, '621.921.823-80', 'Antonio Almeida dos Santos', '3º D - Administração', 'Administração', '3'),
  (5, 4896347, '086.948.723-90', 'Antonio Nilson Lima Filho', '3º D - Administração', 'Administração', '3'),
  (6, 5032267, '115.929.213-69', 'Beatriz de Freitas Fernandes', '3º D - Administração', 'Administração', '3'),
  (7, 4983244, '115.967.813-68', 'Brithney Kelly de Assunção de Araujo', '3º D - Administração', 'Administração', '3'),
  (8, 4983245, '075.025.283-70', 'David Bacelar Rodrigues', '3º D - Administração', 'Administração', '3'),
  (9, 4881172, '073.827.123-88', 'Diogo Guilherme Rodrigues Nascimento', '3º D - Administração', 'Administração', '3'),
  (10, 4181180, '082.018.733-19', 'Érica Sousa Ribeiro', '3º D - Administração', 'Administração', '3'),
  (11, 2484167, '084.954.265-49', 'Evelyn Batista Rodrigues', '3º D - Administração', 'Administração', '3'),
  (12, 4883173, '084.954.217-93', 'Evelyn Chaves Menezes', '3º D - Administração', 'Administração', '3'),
  (13, 2586569, '089.030.833-83', 'Francisca Leticia Rosa da Silva', '3º D - Administração', 'Administração', '3'),
  (14, 2590684, '086.883.763-59', 'Francisca Yarlyla Miranda Martins', '3º D - Administração', 'Administração', '3'),
  (15, 4986293, '615.068.083-80', 'Francisco Murilo Soares Ferreira', '3º D - Administração', 'Administração', '3'),
  (16, 2590685, '091.846.643-59', 'Gisele Sales Martins', '3º D - Administração', 'Administração', '3'),
  (17, 4986298, '615.068.083-80', 'Isadora Felix França', '3º D - Administração', 'Administração', '3'),
  (18, 4986296, '091.439.723-06', 'João Victor Bezerra Moura', '3º D - Administração', 'Administração', '3'),
  (19, 2590686, '089.041.739-80', 'Jordeânio de Oliveira Ferreira Junior', '3º D - Administração', 'Administração', '3'),
  (20, 3252719, '085.997.613-01', 'José Antonio Coriolano do Nascimento Filho', '3º D - Administração', 'Administração', '3'),
  (21, 2586569, '115.967.813-68', 'Karla Emannoly de Maia Teles', '3º D - Administração', 'Administração', '3'),
  (22, 2577313, '098.393.033-17', 'Kayla Maria Machado do Vale', '3º D - Administração', 'Administração', '3'),
  (23, 4883129, '085.749.093-21', 'Klarisse Ferreira de Paiva', '3º D - Administração', 'Administração', '3'),
  (24, 4883203, '086.202.813-60', 'Leticia Gessingner Silva Temotéo', '3º D - Administração', 'Administração', '3'),
  (25, 2239566, '086.013.885-65', 'Leylane Araújo Alves', '3º D - Administração', 'Administração', '3'),
  (26, 2389248, '085.634.753-22', 'Lorena Rodrigues da Silva', '3º D - Administração', 'Administração', '3'),
  (27, 4983286, '086.048.433-18', 'Lucas Alves dos Santos', '3º D - Administração', 'Administração', '3'),
  (28, 2233550, '098.354.873-50', 'Maria Aparecida Braz dos Santos', '3º D - Administração', 'Administração', '3'),
  (29, 2590688, '085.662.813-28', 'Maria Bruna Chaves Gomes', '3º D - Administração', 'Administração', '3'),
  (30, 2233529, '098.034.873-55', 'Maria Clara Cardoso Lopes', '3º D - Administração', 'Administração', '3'),
  (31, 4983148, '081.347.363-27', 'Maria Elaine Oliveira Paiva', '3º D - Administração', 'Administração', '3'),
  (32, 2590688, '061.925.423-01', 'Maria Fernanda do Nascimento Neco', '3º D - Administração', 'Administração', '3'),
  (33, 4066525, '094.079.523-41', 'Maria Julia Belarmino Pinheiro', '3º D - Administração', 'Administração', '3'),
  (34, 3252348, '085.927.343-60', 'Maria Kailany Soares Gomes', '3º D - Administração', 'Administração', '3'),
  (35, 4883203, '081.912.073-62', 'Maria Mickelly dos Anjosmede de Sousa', '3º D - Administração', 'Administração', '3'),
  (36, 2239566, '085.926.433-60', 'Maria Rauanne Silva Veras', '3º D - Administração', 'Administração', '3'),
  (37, 3252320, '092.124.683-76', 'Maria Rayane Gomes de Lima', '3º D - Administração', 'Administração', '3'),
  (38, 3252243, '096.663.713-60', 'Maria Rita Rodrigues de Sousa', '3º D - Administração', 'Administração', '3'),
  (39, 3252301, '620.481.883-70', 'Maria Victoria Aurelio Ximenes', '3º D - Administração', 'Administração', '3'),
  (40, 3252334, '621.899.633-80', 'Maria Vitória de Abreu Nascimento', '3º D - Administração', 'Administração', '3'),
  (41, 4986296, '086.964.843-90', 'Pablo Henrique da Silva Sousa Macêdo', '3º D - Administração', 'Administração', '3'),
  (42, 2590688, '118.461.133-63', 'Samara Moreno Sousa', '3º D - Administração', 'Administração', '3'),
  (43, 4986580, '063.706.543-89', 'Tiago Camerino Martins Farias', '3º D - Administração', 'Administração', '3');


INSERT INTO livros (titulo_livro, autor, editora, ano_aquisicao, origem, local, genero, cdd, cdu, numero_registro)
VALUES
  ('Livro de Informática', 'Autor 1', 'Editora 1', 2020, 'Compra', 'Biblioteca', 'Tecnologia', '123', '456', '123456'),
  ('Livro de Administração', 'Autor 2', 'Editora 2', 2021, 'Doação', 'Biblioteca', 'Negócios', '789', '012', '234567'),
  ('Livro de Engenharia', 'Autor 3', 'Editora 3', 2022, 'Compra', 'Biblioteca', 'Tecnologia', '345', '678', '345678');

INSERT INTO emprestimos (aluno_id, matricula, titulo_livro, numero_registro, curso, serie, data_emprestimo, data_devolucao, nome_bibliotecario, status)
VALUES
  ((SELECT id FROM aluno WHERE matricula = '123456'), '123456', 'Livro de Informática', '123456', 'Informática', '1', '2023-03-01 10:00:00', '2023-03-15 10:00:00', 'Bibliotecário 1', 'Emprestado'),
  ((SELECT id FROM aluno WHERE matricula = '234567'), '234567', 'Livro de Administração', '234567', 'Administração', '2', '2023-04-01 10:00:00', '2023-04-15 10:00:00', 'Bibliotecário 2', 'Emprestado'),
  ((SELECT id FROM aluno WHERE matricula = '345678'), '345678', 'Livro de Engenharia', '345678', 'Engenharia', '3', '2023-05-01 10:00:00', '2023-05-15 10:00:00', 'Bibliotecário 3', 'Emprestado');


-- -------------------------------------------------------------------------------------------------------------------

INSERT INTO livros (titulo_livro, autor, editora, ano_aquisicao, origem, local, genero, cdd, cdu, numero_registro, imagem) VALUES
  ('O Alquimista', 'Paulo Coelho', 'HarperCollins', 2021, 'Compra', 'São Paulo', 'Ficção', '891', '864', '0001', NULL),
  ('1984', 'George Orwell', 'Companhia das Letras', 2020, 'Doação', 'Rio de Janeiro', 'Distopia', '823', '821', '0002', NULL),
  ('Dom Casmurro', 'Machado de Assis', 'Record', 2019, 'Compra', 'São Paulo', 'Romance', '869', '870', '0003', NULL),
  ('A Revolução dos Bichos', 'George Orwell', 'Companhia das Letras', 2018, 'Compra', 'Curitiba', 'Fábula', '823', '821', '0004', NULL),
  ('O Senhor dos Anéis', 'J.R.R. Tolkien', 'HarperCollins', 2022, 'Compra', 'Brasília', 'Fantasia', '823', '829', '0005', NULL),
  ('O Hobbit', 'J.R.R. Tolkien', 'HarperCollins', 2021, 'Doação', 'São Paulo', 'Fantasia', '823', '829', '0006', NULL),
  ('A Arte da Guerra', 'Sun Tzu', 'Leya', 2020, 'Compra', 'São Paulo', 'Estratégia', '895', '891', '0007', NULL),
  ('O Código Da Vinci', 'Dan Brown', 'Sextante', 2019, 'Compra', 'Rio de Janeiro', 'Suspense', '823', '829', '0008', NULL),
  ('A Culpa é das Estrelas', 'John Green', 'Intrínseca', 2018, 'Doação', 'Porto Alegre', 'Drama', '823', '829', '0009', NULL),
  ('Orgulho e Preconceito', 'Jane Austen', 'Penguin Classics', 2021, 'Compra', 'São Paulo', 'Romance', '823', '821', '0010', NULL),
  ('Moby Dick', 'Herman Melville', 'Martin Claret', 2020, 'Compra', 'Salvador', 'Aventura', '823', '820', '0011', NULL),
  ('O Pequeno Príncipe', 'Antoine de Saint-Exupéry', 'Agir', 2019, 'Doação', 'Belo Horizonte', 'Infantil', '843', '830', '0012', NULL),
  ('Harry Potter e a Pedra Filosofal', 'J.K. Rowling', 'Rocco', 2022, 'Compra', 'Fortaleza', 'Fantasia', '823', '829', '0013', NULL),
  ('O Diário de Anne Frank', 'Anne Frank', 'Vozes', 2021, 'Compra', 'Recife', 'Biografia', '943', '949', '0014', NULL),
  ('O Lobo de Wall Street', 'Jordan Belfort', 'Intrínseca', 2020, 'Compra', 'São Paulo', 'Memórias', '330', '332', '0015', NULL),
  ('O Sol é Para Todos', 'Harper Lee', 'JBC', 2019, 'Doação', 'São Paulo', 'Drama', '823', '821', '0016', NULL),
  ('O Homem mais Rico da Babilônia', 'George S. Clason', 'Editora Best Seller', 2022, 'Compra', 'Curitiba', 'Autoajuda', '332', '330', '0017', NULL),
  ('Sapiens: Uma Breve História da Humanidade', 'Yuval Noah Harari', 'Lemos', 2021, 'Compra', 'Porto Alegre', 'História', '909', '910', '0018', NULL),
  ('O Poder do Hábito', 'Charles Duhigg', 'Objetiva', 2020, 'Compra', 'Belo Horizonte', 'Autoajuda', '158', '150', '0019', NULL),
  ('Quem Mexeu no Meu Queijo?', 'Spencer Johnson', 'Editora Record', 2019, 'Doação', 'Rio de Janeiro', 'Autoajuda', '158', '150', '0020', NULL);
